ninis-deli-chicago,https://www.yelp.com/biz/ninis-deli-chicago?adjust_creative=DlHuFNKWksFZEAhV6WQUYQ&utm_campaign=yelp_api_v3&utm_medium=api_v3_business_search&utm_source=DlHuFNKWksFZEAhV6WQUYQ
two-chicago,https://www.yelp.com/biz/two-chicago?adjust_creative=DlHuFNKWksFZEAhV6WQUYQ&utm_campaign=yelp_api_v3&utm_medium=api_v3_business_search&utm_source=DlHuFNKWksFZEAhV6WQUYQ
pizzeria-bebu-chicago,https://www.yelp.com/biz/pizzeria-bebu-chicago?adjust_creative=DlHuFNKWksFZEAhV6WQUYQ&utm_campaign=yelp_api_v3&utm_medium=api_v3_business_search&utm_source=DlHuFNKWksFZEAhV6WQUYQ
ada-street-chicago,https://www.yelp.com/biz/ada-street-chicago?adjust_creative=DlHuFNKWksFZEAhV6WQUYQ&utm_campaign=yelp_api_v3&utm_medium=api_v3_business_search&utm_source=DlHuFNKWksFZEAhV6WQUYQ
earls-kitchen-bar-chicago,https://www.yelp.com/biz/earls-kitchen-bar-chicago?adjust_creative=DlHuFNKWksFZEAhV6WQUYQ&utm_campaign=yelp_api_v3&utm_medium=api_v3_business_search&utm_source=DlHuFNKWksFZEAhV6WQUYQ
the-matchbox-chicago,https://www.yelp.com/biz/the-matchbox-chicago?adjust_creative=DlHuFNKWksFZEAhV6WQUYQ&utm_campaign=yelp_api_v3&utm_medium=api_v3_business_search&utm_source=DlHuFNKWksFZEAhV6WQUYQ
opart-thai-house-chicago-2,https://www.yelp.com/biz/opart-thai-house-chicago-2?adjust_creative=DlHuFNKWksFZEAhV6WQUYQ&utm_campaign=yelp_api_v3&utm_medium=api_v3_business_search&utm_source=DlHuFNKWksFZEAhV6WQUYQ
tempesta-market-chicago-4,https://www.yelp.com/biz/tempesta-market-chicago-4?adjust_creative=DlHuFNKWksFZEAhV6WQUYQ&utm_campaign=yelp_api_v3&utm_medium=api_v3_business_search&utm_source=DlHuFNKWksFZEAhV6WQUYQ
g-and-o-chicago,https://www.yelp.com/biz/g-and-o-chicago?adjust_creative=DlHuFNKWksFZEAhV6WQUYQ&utm_campaign=yelp_api_v3&utm_medium=api_v3_business_search&utm_source=DlHuFNKWksFZEAhV6WQUYQ
podhalanka-chicago,https://www.yelp.com/biz/podhalanka-chicago?adjust_creative=DlHuFNKWksFZEAhV6WQUYQ&utm_campaign=yelp_api_v3&utm_medium=api_v3_business_search&utm_source=DlHuFNKWksFZEAhV6WQUYQ
cafe-central-chicago,https://www.yelp.com/biz/cafe-central-chicago?adjust_creative=DlHuFNKWksFZEAhV6WQUYQ&utm_campaign=yelp_api_v3&utm_medium=api_v3_business_search&utm_source=DlHuFNKWksFZEAhV6WQUYQ
olive-mediterranean-grill-chicago-3,https://www.yelp.com/biz/olive-mediterranean-grill-chicago-3?adjust_creative=DlHuFNKWksFZEAhV6WQUYQ&utm_campaign=yelp_api_v3&utm_medium=api_v3_business_search&utm_source=DlHuFNKWksFZEAhV6WQUYQ
burger-bar-chicago-lincoln-park-chicago,https://www.yelp.com/biz/burger-bar-chicago-lincoln-park-chicago?adjust_creative=DlHuFNKWksFZEAhV6WQUYQ&utm_campaign=yelp_api_v3&utm_medium=api_v3_business_search&utm_source=DlHuFNKWksFZEAhV6WQUYQ
flo-chicago,https://www.yelp.com/biz/flo-chicago?adjust_creative=DlHuFNKWksFZEAhV6WQUYQ&utm_campaign=yelp_api_v3&utm_medium=api_v3_business_search&utm_source=DlHuFNKWksFZEAhV6WQUYQ
fort-willow-chicago-3,https://www.yelp.com/biz/fort-willow-chicago-3?adjust_creative=DlHuFNKWksFZEAhV6WQUYQ&utm_campaign=yelp_api_v3&utm_medium=api_v3_business_search&utm_source=DlHuFNKWksFZEAhV6WQUYQ
frontier-chicago-2,https://www.yelp.com/biz/frontier-chicago-2?adjust_creative=DlHuFNKWksFZEAhV6WQUYQ&utm_campaign=yelp_api_v3&utm_medium=api_v3_business_search&utm_source=DlHuFNKWksFZEAhV6WQUYQ
ameer-kabob-chicago,https://www.yelp.com/biz/ameer-kabob-chicago?adjust_creative=DlHuFNKWksFZEAhV6WQUYQ&utm_campaign=yelp_api_v3&utm_medium=api_v3_business_search&utm_source=DlHuFNKWksFZEAhV6WQUYQ
oggi-trattoria-chicago-2,https://www.yelp.com/biz/oggi-trattoria-chicago-2?adjust_creative=DlHuFNKWksFZEAhV6WQUYQ&utm_campaign=yelp_api_v3&utm_medium=api_v3_business_search&utm_source=DlHuFNKWksFZEAhV6WQUYQ
eden-chicago-4,https://www.yelp.com/biz/eden-chicago-4?adjust_creative=DlHuFNKWksFZEAhV6WQUYQ&utm_campaign=yelp_api_v3&utm_medium=api_v3_business_search&utm_source=DlHuFNKWksFZEAhV6WQUYQ
mod-mex-and-mod-mix-with-rick-bayless-chicago-2,https://www.yelp.com/biz/mod-mex-and-mod-mix-with-rick-bayless-chicago-2?adjust_creative=DlHuFNKWksFZEAhV6WQUYQ&utm_campaign=yelp_api_v3&utm_medium=api_v3_business_search&utm_source=DlHuFNKWksFZEAhV6WQUYQ
sono-wood-fired-chicago-2,https://www.yelp.com/biz/sono-wood-fired-chicago-2?adjust_creative=DlHuFNKWksFZEAhV6WQUYQ&utm_campaign=yelp_api_v3&utm_medium=api_v3_business_search&utm_source=DlHuFNKWksFZEAhV6WQUYQ
bar-biscay-chicago,https://www.yelp.com/biz/bar-biscay-chicago?adjust_creative=DlHuFNKWksFZEAhV6WQUYQ&utm_campaign=yelp_api_v3&utm_medium=api_v3_business_search&utm_source=DlHuFNKWksFZEAhV6WQUYQ
roti-modern-mediterranean-chicago-12,https://www.yelp.com/biz/roti-modern-mediterranean-chicago-12?adjust_creative=DlHuFNKWksFZEAhV6WQUYQ&utm_campaign=yelp_api_v3&utm_medium=api_v3_business_search&utm_source=DlHuFNKWksFZEAhV6WQUYQ
jerk-modern-jamaican-grill-chicago,https://www.yelp.com/biz/jerk-modern-jamaican-grill-chicago?adjust_creative=DlHuFNKWksFZEAhV6WQUYQ&utm_campaign=yelp_api_v3&utm_medium=api_v3_business_search&utm_source=DlHuFNKWksFZEAhV6WQUYQ
pokē-bowl-co-chicago-2,https://www.yelp.com/biz/pok%C4%93-bowl-co-chicago-2?adjust_creative=DlHuFNKWksFZEAhV6WQUYQ&utm_campaign=yelp_api_v3&utm_medium=api_v3_business_search&utm_source=DlHuFNKWksFZEAhV6WQUYQ
jieyi-sushi-chicago-3,https://www.yelp.com/biz/jieyi-sushi-chicago-3?adjust_creative=DlHuFNKWksFZEAhV6WQUYQ&utm_campaign=yelp_api_v3&utm_medium=api_v3_business_search&utm_source=DlHuFNKWksFZEAhV6WQUYQ
home-team-pizza-chicago,https://www.yelp.com/biz/home-team-pizza-chicago?adjust_creative=DlHuFNKWksFZEAhV6WQUYQ&utm_campaign=yelp_api_v3&utm_medium=api_v3_business_search&utm_source=DlHuFNKWksFZEAhV6WQUYQ
seadog-sushi-bar-chicago,https://www.yelp.com/biz/seadog-sushi-bar-chicago?adjust_creative=DlHuFNKWksFZEAhV6WQUYQ&utm_campaign=yelp_api_v3&utm_medium=api_v3_business_search&utm_source=DlHuFNKWksFZEAhV6WQUYQ
mod-pizza-chicago-6,https://www.yelp.com/biz/mod-pizza-chicago-6?adjust_creative=DlHuFNKWksFZEAhV6WQUYQ&utm_campaign=yelp_api_v3&utm_medium=api_v3_business_search&utm_source=DlHuFNKWksFZEAhV6WQUYQ
goose-island-shrimp-house-chicago-chicago,https://www.yelp.com/biz/goose-island-shrimp-house-chicago-chicago?adjust_creative=DlHuFNKWksFZEAhV6WQUYQ&utm_campaign=yelp_api_v3&utm_medium=api_v3_business_search&utm_source=DlHuFNKWksFZEAhV6WQUYQ
sushi-x-chicago,https://www.yelp.com/biz/sushi-x-chicago?adjust_creative=DlHuFNKWksFZEAhV6WQUYQ&utm_campaign=yelp_api_v3&utm_medium=api_v3_business_search&utm_source=DlHuFNKWksFZEAhV6WQUYQ
kendall-college-the-dining-room-chicago,https://www.yelp.com/biz/kendall-college-the-dining-room-chicago?adjust_creative=DlHuFNKWksFZEAhV6WQUYQ&utm_campaign=yelp_api_v3&utm_medium=api_v3_business_search&utm_source=DlHuFNKWksFZEAhV6WQUYQ
coalfire-pizza-chicago,https://www.yelp.com/biz/coalfire-pizza-chicago?adjust_creative=DlHuFNKWksFZEAhV6WQUYQ&utm_campaign=yelp_api_v3&utm_medium=api_v3_business_search&utm_source=DlHuFNKWksFZEAhV6WQUYQ
piccolo-sogno-chicago,https://www.yelp.com/biz/piccolo-sogno-chicago?adjust_creative=DlHuFNKWksFZEAhV6WQUYQ&utm_campaign=yelp_api_v3&utm_medium=api_v3_business_search&utm_source=DlHuFNKWksFZEAhV6WQUYQ
habana-libre-restaurant-chicago,https://www.yelp.com/biz/habana-libre-restaurant-chicago?adjust_creative=DlHuFNKWksFZEAhV6WQUYQ&utm_campaign=yelp_api_v3&utm_medium=api_v3_business_search&utm_source=DlHuFNKWksFZEAhV6WQUYQ
bari-chicago,https://www.yelp.com/biz/bari-chicago?adjust_creative=DlHuFNKWksFZEAhV6WQUYQ&utm_campaign=yelp_api_v3&utm_medium=api_v3_business_search&utm_source=DlHuFNKWksFZEAhV6WQUYQ
windy-city-cafe-chicago,https://www.yelp.com/biz/windy-city-cafe-chicago?adjust_creative=DlHuFNKWksFZEAhV6WQUYQ&utm_campaign=yelp_api_v3&utm_medium=api_v3_business_search&utm_source=DlHuFNKWksFZEAhV6WQUYQ
uncle-julios-chicago,https://www.yelp.com/biz/uncle-julios-chicago?adjust_creative=DlHuFNKWksFZEAhV6WQUYQ&utm_campaign=yelp_api_v3&utm_medium=api_v3_business_search&utm_source=DlHuFNKWksFZEAhV6WQUYQ
the-aberdeen-tap-chicago-2,https://www.yelp.com/biz/the-aberdeen-tap-chicago-2?adjust_creative=DlHuFNKWksFZEAhV6WQUYQ&utm_campaign=yelp_api_v3&utm_medium=api_v3_business_search&utm_source=DlHuFNKWksFZEAhV6WQUYQ
sullys-house-chicago,https://www.yelp.com/biz/sullys-house-chicago?adjust_creative=DlHuFNKWksFZEAhV6WQUYQ&utm_campaign=yelp_api_v3&utm_medium=api_v3_business_search&utm_source=DlHuFNKWksFZEAhV6WQUYQ
butterfly-sushi-bar-and-thai-cuisine-chicago-2,https://www.yelp.com/biz/butterfly-sushi-bar-and-thai-cuisine-chicago-2?adjust_creative=DlHuFNKWksFZEAhV6WQUYQ&utm_campaign=yelp_api_v3&utm_medium=api_v3_business_search&utm_source=DlHuFNKWksFZEAhV6WQUYQ
the-silver-palm-chicago,https://www.yelp.com/biz/the-silver-palm-chicago?adjust_creative=DlHuFNKWksFZEAhV6WQUYQ&utm_campaign=yelp_api_v3&utm_medium=api_v3_business_search&utm_source=DlHuFNKWksFZEAhV6WQUYQ
kingsbury-street-cafe-chicago,https://www.yelp.com/biz/kingsbury-street-cafe-chicago?adjust_creative=DlHuFNKWksFZEAhV6WQUYQ&utm_campaign=yelp_api_v3&utm_medium=api_v3_business_search&utm_source=DlHuFNKWksFZEAhV6WQUYQ
vinnies-sub-shop-chicago,https://www.yelp.com/biz/vinnies-sub-shop-chicago?adjust_creative=DlHuFNKWksFZEAhV6WQUYQ&utm_campaign=yelp_api_v3&utm_medium=api_v3_business_search&utm_source=DlHuFNKWksFZEAhV6WQUYQ
thalia-sushi-bistro-and-lounge-chicago,https://www.yelp.com/biz/thalia-sushi-bistro-and-lounge-chicago?adjust_creative=DlHuFNKWksFZEAhV6WQUYQ&utm_campaign=yelp_api_v3&utm_medium=api_v3_business_search&utm_source=DlHuFNKWksFZEAhV6WQUYQ
uptons-breakroom-chicago,https://www.yelp.com/biz/uptons-breakroom-chicago?adjust_creative=DlHuFNKWksFZEAhV6WQUYQ&utm_campaign=yelp_api_v3&utm_medium=api_v3_business_search&utm_source=DlHuFNKWksFZEAhV6WQUYQ
lovely-kitchen-and-cafe-chicago,https://www.yelp.com/biz/lovely-kitchen-and-cafe-chicago?adjust_creative=DlHuFNKWksFZEAhV6WQUYQ&utm_campaign=yelp_api_v3&utm_medium=api_v3_business_search&utm_source=DlHuFNKWksFZEAhV6WQUYQ
mart-anthonys-chicago,https://www.yelp.com/biz/mart-anthonys-chicago?adjust_creative=DlHuFNKWksFZEAhV6WQUYQ&utm_campaign=yelp_api_v3&utm_medium=api_v3_business_search&utm_source=DlHuFNKWksFZEAhV6WQUYQ
twisted-spoke-chicago,https://www.yelp.com/biz/twisted-spoke-chicago?adjust_creative=DlHuFNKWksFZEAhV6WQUYQ&utm_campaign=yelp_api_v3&utm_medium=api_v3_business_search&utm_source=DlHuFNKWksFZEAhV6WQUYQ
tsukiji-fish-market-chicago-5,https://www.yelp.com/biz/tsukiji-fish-market-chicago-5?adjust_creative=DlHuFNKWksFZEAhV6WQUYQ&utm_campaign=yelp_api_v3&utm_medium=api_v3_business_search&utm_source=DlHuFNKWksFZEAhV6WQUYQ
paula-and-monicas-pizzeria-chicago,https://www.yelp.com/biz/paula-and-monicas-pizzeria-chicago?adjust_creative=DlHuFNKWksFZEAhV6WQUYQ&utm_campaign=yelp_api_v3&utm_medium=api_v3_business_search&utm_source=DlHuFNKWksFZEAhV6WQUYQ
local-foods-cafe-chicago-2,https://www.yelp.com/biz/local-foods-cafe-chicago-2?adjust_creative=DlHuFNKWksFZEAhV6WQUYQ&utm_campaign=yelp_api_v3&utm_medium=api_v3_business_search&utm_source=DlHuFNKWksFZEAhV6WQUYQ
pie-eyed-pizzeria-chicago,https://www.yelp.com/biz/pie-eyed-pizzeria-chicago?adjust_creative=DlHuFNKWksFZEAhV6WQUYQ&utm_campaign=yelp_api_v3&utm_medium=api_v3_business_search&utm_source=DlHuFNKWksFZEAhV6WQUYQ
joes-on-weed-st-chicago,https://www.yelp.com/biz/joes-on-weed-st-chicago?adjust_creative=DlHuFNKWksFZEAhV6WQUYQ&utm_campaign=yelp_api_v3&utm_medium=api_v3_business_search&utm_source=DlHuFNKWksFZEAhV6WQUYQ
da-pizza-dude-chicago-3,https://www.yelp.com/biz/da-pizza-dude-chicago-3?adjust_creative=DlHuFNKWksFZEAhV6WQUYQ&utm_campaign=yelp_api_v3&utm_medium=api_v3_business_search&utm_source=DlHuFNKWksFZEAhV6WQUYQ
stanleys-grill-chicago-2,https://www.yelp.com/biz/stanleys-grill-chicago-2?adjust_creative=DlHuFNKWksFZEAhV6WQUYQ&utm_campaign=yelp_api_v3&utm_medium=api_v3_business_search&utm_source=DlHuFNKWksFZEAhV6WQUYQ
butterfly-sushi-bar-and-thai-cuisine-chicago-3,https://www.yelp.com/biz/butterfly-sushi-bar-and-thai-cuisine-chicago-3?adjust_creative=DlHuFNKWksFZEAhV6WQUYQ&utm_campaign=yelp_api_v3&utm_medium=api_v3_business_search&utm_source=DlHuFNKWksFZEAhV6WQUYQ
the-rice-table-chicago,https://www.yelp.com/biz/the-rice-table-chicago?adjust_creative=DlHuFNKWksFZEAhV6WQUYQ&utm_campaign=yelp_api_v3&utm_medium=api_v3_business_search&utm_source=DlHuFNKWksFZEAhV6WQUYQ
kin-sushi-and-thai-cuisine-chicago,https://www.yelp.com/biz/kin-sushi-and-thai-cuisine-chicago?adjust_creative=DlHuFNKWksFZEAhV6WQUYQ&utm_campaign=yelp_api_v3&utm_medium=api_v3_business_search&utm_source=DlHuFNKWksFZEAhV6WQUYQ
d-agostinos-pizza-and-pub-chicago-3,https://www.yelp.com/biz/d-agostinos-pizza-and-pub-chicago-3?adjust_creative=DlHuFNKWksFZEAhV6WQUYQ&utm_campaign=yelp_api_v3&utm_medium=api_v3_business_search&utm_source=DlHuFNKWksFZEAhV6WQUYQ
five-star-bar-chicago,https://www.yelp.com/biz/five-star-bar-chicago?adjust_creative=DlHuFNKWksFZEAhV6WQUYQ&utm_campaign=yelp_api_v3&utm_medium=api_v3_business_search&utm_source=DlHuFNKWksFZEAhV6WQUYQ
china-court-chicago,https://www.yelp.com/biz/china-court-chicago?adjust_creative=DlHuFNKWksFZEAhV6WQUYQ&utm_campaign=yelp_api_v3&utm_medium=api_v3_business_search&utm_source=DlHuFNKWksFZEAhV6WQUYQ
epic-burger-chicago-2,https://www.yelp.com/biz/epic-burger-chicago-2?adjust_creative=DlHuFNKWksFZEAhV6WQUYQ&utm_campaign=yelp_api_v3&utm_medium=api_v3_business_search&utm_source=DlHuFNKWksFZEAhV6WQUYQ
iguana-café-chicago-2,https://www.yelp.com/biz/iguana-caf%C3%A9-chicago-2?adjust_creative=DlHuFNKWksFZEAhV6WQUYQ&utm_campaign=yelp_api_v3&utm_medium=api_v3_business_search&utm_source=DlHuFNKWksFZEAhV6WQUYQ
estate-chicago-5,https://www.yelp.com/biz/estate-chicago-5?adjust_creative=DlHuFNKWksFZEAhV6WQUYQ&utm_campaign=yelp_api_v3&utm_medium=api_v3_business_search&utm_source=DlHuFNKWksFZEAhV6WQUYQ
arts-drive-in-chicago,https://www.yelp.com/biz/arts-drive-in-chicago?adjust_creative=DlHuFNKWksFZEAhV6WQUYQ&utm_campaign=yelp_api_v3&utm_medium=api_v3_business_search&utm_source=DlHuFNKWksFZEAhV6WQUYQ
fiore-delicatessen-chicago,https://www.yelp.com/biz/fiore-delicatessen-chicago?adjust_creative=DlHuFNKWksFZEAhV6WQUYQ&utm_campaign=yelp_api_v3&utm_medium=api_v3_business_search&utm_source=DlHuFNKWksFZEAhV6WQUYQ
the-corner-farmacy-chicago,https://www.yelp.com/biz/the-corner-farmacy-chicago?adjust_creative=DlHuFNKWksFZEAhV6WQUYQ&utm_campaign=yelp_api_v3&utm_medium=api_v3_business_search&utm_source=DlHuFNKWksFZEAhV6WQUYQ
ej-sushi-chicago-2,https://www.yelp.com/biz/ej-sushi-chicago-2?adjust_creative=DlHuFNKWksFZEAhV6WQUYQ&utm_campaign=yelp_api_v3&utm_medium=api_v3_business_search&utm_source=DlHuFNKWksFZEAhV6WQUYQ
the-breakfast-club-and-grill-chicago,https://www.yelp.com/biz/the-breakfast-club-and-grill-chicago?adjust_creative=DlHuFNKWksFZEAhV6WQUYQ&utm_campaign=yelp_api_v3&utm_medium=api_v3_business_search&utm_source=DlHuFNKWksFZEAhV6WQUYQ
pot-pan-chicago-3,https://www.yelp.com/biz/pot-pan-chicago-3?adjust_creative=DlHuFNKWksFZEAhV6WQUYQ&utm_campaign=yelp_api_v3&utm_medium=api_v3_business_search&utm_source=DlHuFNKWksFZEAhV6WQUYQ
mr-browns-lounge-chicago,https://www.yelp.com/biz/mr-browns-lounge-chicago?adjust_creative=DlHuFNKWksFZEAhV6WQUYQ&utm_campaign=yelp_api_v3&utm_medium=api_v3_business_search&utm_source=DlHuFNKWksFZEAhV6WQUYQ
italian-pizza-kitchen-chicago-chicago-2,https://www.yelp.com/biz/italian-pizza-kitchen-chicago-chicago-2?adjust_creative=DlHuFNKWksFZEAhV6WQUYQ&utm_campaign=yelp_api_v3&utm_medium=api_v3_business_search&utm_source=DlHuFNKWksFZEAhV6WQUYQ
mahoneys-pub-and-grille-chicago,https://www.yelp.com/biz/mahoneys-pub-and-grille-chicago?adjust_creative=DlHuFNKWksFZEAhV6WQUYQ&utm_campaign=yelp_api_v3&utm_medium=api_v3_business_search&utm_source=DlHuFNKWksFZEAhV6WQUYQ
awake-cafe-chicago-2,https://www.yelp.com/biz/awake-cafe-chicago-2?adjust_creative=DlHuFNKWksFZEAhV6WQUYQ&utm_campaign=yelp_api_v3&utm_medium=api_v3_business_search&utm_source=DlHuFNKWksFZEAhV6WQUYQ
hound-dogs-burgers-and-teriyaki-chicago-2,https://www.yelp.com/biz/hound-dogs-burgers-and-teriyaki-chicago-2?adjust_creative=DlHuFNKWksFZEAhV6WQUYQ&utm_campaign=yelp_api_v3&utm_medium=api_v3_business_search&utm_source=DlHuFNKWksFZEAhV6WQUYQ
burger-baron-restaurant-chicago,https://www.yelp.com/biz/burger-baron-restaurant-chicago?adjust_creative=DlHuFNKWksFZEAhV6WQUYQ&utm_campaign=yelp_api_v3&utm_medium=api_v3_business_search&utm_source=DlHuFNKWksFZEAhV6WQUYQ
cafe-blue-chicago-5,https://www.yelp.com/biz/cafe-blue-chicago-5?adjust_creative=DlHuFNKWksFZEAhV6WQUYQ&utm_campaign=yelp_api_v3&utm_medium=api_v3_business_search&utm_source=DlHuFNKWksFZEAhV6WQUYQ
bacci-pizzeria-chicago-15,https://www.yelp.com/biz/bacci-pizzeria-chicago-15?adjust_creative=DlHuFNKWksFZEAhV6WQUYQ&utm_campaign=yelp_api_v3&utm_medium=api_v3_business_search&utm_source=DlHuFNKWksFZEAhV6WQUYQ
jimmy-johns-chicago-41,https://www.yelp.com/biz/jimmy-johns-chicago-41?adjust_creative=DlHuFNKWksFZEAhV6WQUYQ&utm_campaign=yelp_api_v3&utm_medium=api_v3_business_search&utm_source=DlHuFNKWksFZEAhV6WQUYQ
taco-boy-chicago,https://www.yelp.com/biz/taco-boy-chicago?adjust_creative=DlHuFNKWksFZEAhV6WQUYQ&utm_campaign=yelp_api_v3&utm_medium=api_v3_business_search&utm_source=DlHuFNKWksFZEAhV6WQUYQ
jimmy-johns-chicago-66,https://www.yelp.com/biz/jimmy-johns-chicago-66?adjust_creative=DlHuFNKWksFZEAhV6WQUYQ&utm_campaign=yelp_api_v3&utm_medium=api_v3_business_search&utm_source=DlHuFNKWksFZEAhV6WQUYQ
taquero-fusion-chicago-3,https://www.yelp.com/biz/taquero-fusion-chicago-3?adjust_creative=DlHuFNKWksFZEAhV6WQUYQ&utm_campaign=yelp_api_v3&utm_medium=api_v3_business_search&utm_source=DlHuFNKWksFZEAhV6WQUYQ
tamale-space-charros-chicago,https://www.yelp.com/biz/tamale-space-charros-chicago?adjust_creative=DlHuFNKWksFZEAhV6WQUYQ&utm_campaign=yelp_api_v3&utm_medium=api_v3_business_search&utm_source=DlHuFNKWksFZEAhV6WQUYQ
dinner-with-dale-levitski-at-relax-lounge-chicago,https://www.yelp.com/biz/dinner-with-dale-levitski-at-relax-lounge-chicago?adjust_creative=DlHuFNKWksFZEAhV6WQUYQ&utm_campaign=yelp_api_v3&utm_medium=api_v3_business_search&utm_source=DlHuFNKWksFZEAhV6WQUYQ
chicago-philly-stop-chicago,https://www.yelp.com/biz/chicago-philly-stop-chicago?adjust_creative=DlHuFNKWksFZEAhV6WQUYQ&utm_campaign=yelp_api_v3&utm_medium=api_v3_business_search&utm_source=DlHuFNKWksFZEAhV6WQUYQ
burger-king-chicago-67,https://www.yelp.com/biz/burger-king-chicago-67?adjust_creative=DlHuFNKWksFZEAhV6WQUYQ&utm_campaign=yelp_api_v3&utm_medium=api_v3_business_search&utm_source=DlHuFNKWksFZEAhV6WQUYQ
soylent-fuchsia-chicago,https://www.yelp.com/biz/soylent-fuchsia-chicago?adjust_creative=DlHuFNKWksFZEAhV6WQUYQ&utm_campaign=yelp_api_v3&utm_medium=api_v3_business_search&utm_source=DlHuFNKWksFZEAhV6WQUYQ
